,scaffold,kmer,nb_found
0,"NC_000001.11 Homo sapiens chromosome 1, GRCh38.p13 Primary Assembly",TTTTTTAAAATTTTTTATTATACTC,0
1,"NC_000001.11 Homo sapiens chromosome 1, GRCh38.p13 Primary Assembly",TTTGGAAATATCATCCAGTGGCATA,0
2,"NC_000001.11 Homo sapiens chromosome 1, GRCh38.p13 Primary Assembly",GAAGGAGGGAGCGTTCCTTGCTTCC,1
3,"NC_000001.11 Homo sapiens chromosome 1, GRCh38.p13 Primary Assembly",GTAGAATTTAAGCATCCAAGTTTTT,0
4,"NC_000001.11 Homo sapiens chromosome 1, GRCh38.p13 Primary Assembly",AATCCCCCCAGCTCAGCCCTTCCAA,0
5,"NC_000001.11 Homo sapiens chromosome 1, GRCh38.p13 Primary Assembly",CTTGATATGGTATGTACTTACATTT,0
6,"NC_000001.11 Homo sapiens chromosome 1, GRCh38.p13 Primary Assembly",AGAGGCACTATATTGGTTTTCTATT,0
7,"NC_000001.11 Homo sapiens chromosome 1, GRCh38.p13 Primary Assembly",TCATCACATTCTCTATCTTTCACTT,0
8,"NC_000001.11 Homo sapiens chromosome 1, GRCh38.p13 Primary Assembly",AACTAACAGAGATGAACCTTTGTTT,0
9,"NC_000001.11 Homo sapiens chromosome 1, GRCh38.p13 Primary Assembly",TTGTATAGACAGGGTCTTGCTATAT,0
10,"NC_000002.12 Homo sapiens chromosome 2, GRCh38.p13 Primary Assembly",TTTTTTAAAATTTTTTATTATACTC,0
11,"NC_000002.12 Homo sapiens chromosome 2, GRCh38.p13 Primary Assembly",TTTGGAAATATCATCCAGTGGCATA,0
12,"NC_000002.12 Homo sapiens chromosome 2, GRCh38.p13 Primary Assembly",GAAGGAGGGAGCGTTCCTTGCTTCC,0
13,"NC_000002.12 Homo sapiens chromosome 2, GRCh38.p13 Primary Assembly",GTAGAATTTAAGCATCCAAGTTTTT,0
14,"NC_000002.12 Homo sapiens chromosome 2, GRCh38.p13 Primary Assembly",AATCCCCCCAGCTCAGCCCTTCCAA,0
15,"NC_000002.12 Homo sapiens chromosome 2, GRCh38.p13 Primary Assembly",CTTGATATGGTATGTACTTACATTT,0
16,"NC_000002.12 Homo sapiens chromosome 2, GRCh38.p13 Primary Assembly",AGAGGCACTATATTGGTTTTCTATT,0
17,"NC_000002.12 Homo sapiens chromosome 2, GRCh38.p13 Primary Assembly",TCATCACATTCTCTATCTTTCACTT,0
18,"NC_000002.12 Homo sapiens chromosome 2, GRCh38.p13 Primary Assembly",AACTAACAGAGATGAACCTTTGTTT,0
19,"NC_000002.12 Homo sapiens chromosome 2, GRCh38.p13 Primary Assembly",TTGTATAGACAGGGTCTTGCTATAT,0
20,"NC_000003.12 Homo sapiens chromosome 3, GRCh38.p13 Primary Assembly",TTTTTTAAAATTTTTTATTATACTC,1
21,"NC_000003.12 Homo sapiens chromosome 3, GRCh38.p13 Primary Assembly",TTTGGAAATATCATCCAGTGGCATA,0
22,"NC_000003.12 Homo sapiens chromosome 3, GRCh38.p13 Primary Assembly",GAAGGAGGGAGCGTTCCTTGCTTCC,0
23,"NC_000003.12 Homo sapiens chromosome 3, GRCh38.p13 Primary Assembly",GTAGAATTTAAGCATCCAAGTTTTT,1
24,"NC_000003.12 Homo sapiens chromosome 3, GRCh38.p13 Primary Assembly",AATCCCCCCAGCTCAGCCCTTCCAA,0
25,"NC_000003.12 Homo sapiens chromosome 3, GRCh38.p13 Primary Assembly",CTTGATATGGTATGTACTTACATTT,0
26,"NC_000003.12 Homo sapiens chromosome 3, GRCh38.p13 Primary Assembly",AGAGGCACTATATTGGTTTTCTATT,0
27,"NC_000003.12 Homo sapiens chromosome 3, GRCh38.p13 Primary Assembly",TCATCACATTCTCTATCTTTCACTT,0
28,"NC_000003.12 Homo sapiens chromosome 3, GRCh38.p13 Primary Assembly",AACTAACAGAGATGAACCTTTGTTT,0
29,"NC_000003.12 Homo sapiens chromosome 3, GRCh38.p13 Primary Assembly",TTGTATAGACAGGGTCTTGCTATAT,0
30,"NC_000004.12 Homo sapiens chromosome 4, GRCh38.p13 Primary Assembly",TTTTTTAAAATTTTTTATTATACTC,0
31,"NC_000004.12 Homo sapiens chromosome 4, GRCh38.p13 Primary Assembly",TTTGGAAATATCATCCAGTGGCATA,0
32,"NC_000004.12 Homo sapiens chromosome 4, GRCh38.p13 Primary Assembly",GAAGGAGGGAGCGTTCCTTGCTTCC,0
33,"NC_000004.12 Homo sapiens chromosome 4, GRCh38.p13 Primary Assembly",GTAGAATTTAAGCATCCAAGTTTTT,0
34,"NC_000004.12 Homo sapiens chromosome 4, GRCh38.p13 Primary Assembly",AATCCCCCCAGCTCAGCCCTTCCAA,0
35,"NC_000004.12 Homo sapiens chromosome 4, GRCh38.p13 Primary Assembly",CTTGATATGGTATGTACTTACATTT,1
36,"NC_000004.12 Homo sapiens chromosome 4, GRCh38.p13 Primary Assembly",AGAGGCACTATATTGGTTTTCTATT,0
37,"NC_000004.12 Homo sapiens chromosome 4, GRCh38.p13 Primary Assembly",TCATCACATTCTCTATCTTTCACTT,0
38,"NC_000004.12 Homo sapiens chromosome 4, GRCh38.p13 Primary Assembly",AACTAACAGAGATGAACCTTTGTTT,0
39,"NC_000004.12 Homo sapiens chromosome 4, GRCh38.p13 Primary Assembly",TTGTATAGACAGGGTCTTGCTATAT,0
40,"NC_000005.10 Homo sapiens chromosome 5, GRCh38.p13 Primary Assembly",TTTTTTAAAATTTTTTATTATACTC,0
41,"NC_000005.10 Homo sapiens chromosome 5, GRCh38.p13 Primary Assembly",TTTGGAAATATCATCCAGTGGCATA,1
42,"NC_000005.10 Homo sapiens chromosome 5, GRCh38.p13 Primary Assembly",GAAGGAGGGAGCGTTCCTTGCTTCC,0
43,"NC_000005.10 Homo sapiens chromosome 5, GRCh38.p13 Primary Assembly",GTAGAATTTAAGCATCCAAGTTTTT,0
44,"NC_000005.10 Homo sapiens chromosome 5, GRCh38.p13 Primary Assembly",AATCCCCCCAGCTCAGCCCTTCCAA,0
45,"NC_000005.10 Homo sapiens chromosome 5, GRCh38.p13 Primary Assembly",CTTGATATGGTATGTACTTACATTT,0
46,"NC_000005.10 Homo sapiens chromosome 5, GRCh38.p13 Primary Assembly",AGAGGCACTATATTGGTTTTCTATT,0
47,"NC_000005.10 Homo sapiens chromosome 5, GRCh38.p13 Primary Assembly",TCATCACATTCTCTATCTTTCACTT,0
48,"NC_000005.10 Homo sapiens chromosome 5, GRCh38.p13 Primary Assembly",AACTAACAGAGATGAACCTTTGTTT,0
49,"NC_000005.10 Homo sapiens chromosome 5, GRCh38.p13 Primary Assembly",TTGTATAGACAGGGTCTTGCTATAT,0
50,"NC_000006.12 Homo sapiens chromosome 6, GRCh38.p13 Primary Assembly",TTTTTTAAAATTTTTTATTATACTC,0
51,"NC_000006.12 Homo sapiens chromosome 6, GRCh38.p13 Primary Assembly",TTTGGAAATATCATCCAGTGGCATA,0
52,"NC_000006.12 Homo sapiens chromosome 6, GRCh38.p13 Primary Assembly",GAAGGAGGGAGCGTTCCTTGCTTCC,0
53,"NC_000006.12 Homo sapiens chromosome 6, GRCh38.p13 Primary Assembly",GTAGAATTTAAGCATCCAAGTTTTT,0
54,"NC_000006.12 Homo sapiens chromosome 6, GRCh38.p13 Primary Assembly",AATCCCCCCAGCTCAGCCCTTCCAA,0
55,"NC_000006.12 Homo sapiens chromosome 6, GRCh38.p13 Primary Assembly",CTTGATATGGTATGTACTTACATTT,0
56,"NC_000006.12 Homo sapiens chromosome 6, GRCh38.p13 Primary Assembly",AGAGGCACTATATTGGTTTTCTATT,0
57,"NC_000006.12 Homo sapiens chromosome 6, GRCh38.p13 Primary Assembly",TCATCACATTCTCTATCTTTCACTT,0
58,"NC_000006.12 Homo sapiens chromosome 6, GRCh38.p13 Primary Assembly",AACTAACAGAGATGAACCTTTGTTT,0
59,"NC_000006.12 Homo sapiens chromosome 6, GRCh38.p13 Primary Assembly",TTGTATAGACAGGGTCTTGCTATAT,0
60,"NC_000007.14 Homo sapiens chromosome 7, GRCh38.p13 Primary Assembly",TTTTTTAAAATTTTTTATTATACTC,0
61,"NC_000007.14 Homo sapiens chromosome 7, GRCh38.p13 Primary Assembly",TTTGGAAATATCATCCAGTGGCATA,0
62,"NC_000007.14 Homo sapiens chromosome 7, GRCh38.p13 Primary Assembly",GAAGGAGGGAGCGTTCCTTGCTTCC,0
63,"NC_000007.14 Homo sapiens chromosome 7, GRCh38.p13 Primary Assembly",GTAGAATTTAAGCATCCAAGTTTTT,0
64,"NC_000007.14 Homo sapiens chromosome 7, GRCh38.p13 Primary Assembly",AATCCCCCCAGCTCAGCCCTTCCAA,0
65,"NC_000007.14 Homo sapiens chromosome 7, GRCh38.p13 Primary Assembly",CTTGATATGGTATGTACTTACATTT,0
66,"NC_000007.14 Homo sapiens chromosome 7, GRCh38.p13 Primary Assembly",AGAGGCACTATATTGGTTTTCTATT,0
67,"NC_000007.14 Homo sapiens chromosome 7, GRCh38.p13 Primary Assembly",TCATCACATTCTCTATCTTTCACTT,1
68,"NC_000007.14 Homo sapiens chromosome 7, GRCh38.p13 Primary Assembly",AACTAACAGAGATGAACCTTTGTTT,0
69,"NC_000007.14 Homo sapiens chromosome 7, GRCh38.p13 Primary Assembly",TTGTATAGACAGGGTCTTGCTATAT,0
70,"NC_000008.11 Homo sapiens chromosome 8, GRCh38.p13 Primary Assembly",TTTTTTAAAATTTTTTATTATACTC,0
71,"NC_000008.11 Homo sapiens chromosome 8, GRCh38.p13 Primary Assembly",TTTGGAAATATCATCCAGTGGCATA,0
72,"NC_000008.11 Homo sapiens chromosome 8, GRCh38.p13 Primary Assembly",GAAGGAGGGAGCGTTCCTTGCTTCC,0
73,"NC_000008.11 Homo sapiens chromosome 8, GRCh38.p13 Primary Assembly",GTAGAATTTAAGCATCCAAGTTTTT,0
74,"NC_000008.11 Homo sapiens chromosome 8, GRCh38.p13 Primary Assembly",AATCCCCCCAGCTCAGCCCTTCCAA,0
75,"NC_000008.11 Homo sapiens chromosome 8, GRCh38.p13 Primary Assembly",CTTGATATGGTATGTACTTACATTT,0
76,"NC_000008.11 Homo sapiens chromosome 8, GRCh38.p13 Primary Assembly",AGAGGCACTATATTGGTTTTCTATT,0
77,"NC_000008.11 Homo sapiens chromosome 8, GRCh38.p13 Primary Assembly",TCATCACATTCTCTATCTTTCACTT,0
78,"NC_000008.11 Homo sapiens chromosome 8, GRCh38.p13 Primary Assembly",AACTAACAGAGATGAACCTTTGTTT,0
79,"NC_000008.11 Homo sapiens chromosome 8, GRCh38.p13 Primary Assembly",TTGTATAGACAGGGTCTTGCTATAT,0
80,"NC_000009.12 Homo sapiens chromosome 9, GRCh38.p13 Primary Assembly",TTTTTTAAAATTTTTTATTATACTC,0
81,"NC_000009.12 Homo sapiens chromosome 9, GRCh38.p13 Primary Assembly",TTTGGAAATATCATCCAGTGGCATA,0
82,"NC_000009.12 Homo sapiens chromosome 9, GRCh38.p13 Primary Assembly",GAAGGAGGGAGCGTTCCTTGCTTCC,0
83,"NC_000009.12 Homo sapiens chromosome 9, GRCh38.p13 Primary Assembly",GTAGAATTTAAGCATCCAAGTTTTT,0
84,"NC_000009.12 Homo sapiens chromosome 9, GRCh38.p13 Primary Assembly",AATCCCCCCAGCTCAGCCCTTCCAA,0
85,"NC_000009.12 Homo sapiens chromosome 9, GRCh38.p13 Primary Assembly",CTTGATATGGTATGTACTTACATTT,0
86,"NC_000009.12 Homo sapiens chromosome 9, GRCh38.p13 Primary Assembly",AGAGGCACTATATTGGTTTTCTATT,0
87,"NC_000009.12 Homo sapiens chromosome 9, GRCh38.p13 Primary Assembly",TCATCACATTCTCTATCTTTCACTT,0
88,"NC_000009.12 Homo sapiens chromosome 9, GRCh38.p13 Primary Assembly",AACTAACAGAGATGAACCTTTGTTT,8
89,"NC_000009.12 Homo sapiens chromosome 9, GRCh38.p13 Primary Assembly",TTGTATAGACAGGGTCTTGCTATAT,0
90,"NC_000010.11 Homo sapiens chromosome 10, GRCh38.p13 Primary Assembly",TTTTTTAAAATTTTTTATTATACTC,0
91,"NC_000010.11 Homo sapiens chromosome 10, GRCh38.p13 Primary Assembly",TTTGGAAATATCATCCAGTGGCATA,0
92,"NC_000010.11 Homo sapiens chromosome 10, GRCh38.p13 Primary Assembly",GAAGGAGGGAGCGTTCCTTGCTTCC,0
93,"NC_000010.11 Homo sapiens chromosome 10, GRCh38.p13 Primary Assembly",GTAGAATTTAAGCATCCAAGTTTTT,0
94,"NC_000010.11 Homo sapiens chromosome 10, GRCh38.p13 Primary Assembly",AATCCCCCCAGCTCAGCCCTTCCAA,0
95,"NC_000010.11 Homo sapiens chromosome 10, GRCh38.p13 Primary Assembly",CTTGATATGGTATGTACTTACATTT,0
96,"NC_000010.11 Homo sapiens chromosome 10, GRCh38.p13 Primary Assembly",AGAGGCACTATATTGGTTTTCTATT,0
97,"NC_000010.11 Homo sapiens chromosome 10, GRCh38.p13 Primary Assembly",TCATCACATTCTCTATCTTTCACTT,0
98,"NC_000010.11 Homo sapiens chromosome 10, GRCh38.p13 Primary Assembly",AACTAACAGAGATGAACCTTTGTTT,0
99,"NC_000010.11 Homo sapiens chromosome 10, GRCh38.p13 Primary Assembly",TTGTATAGACAGGGTCTTGCTATAT,0
100,"NC_000011.10 Homo sapiens chromosome 11, GRCh38.p13 Primary Assembly",TTTTTTAAAATTTTTTATTATACTC,0
101,"NC_000011.10 Homo sapiens chromosome 11, GRCh38.p13 Primary Assembly",TTTGGAAATATCATCCAGTGGCATA,0
102,"NC_000011.10 Homo sapiens chromosome 11, GRCh38.p13 Primary Assembly",GAAGGAGGGAGCGTTCCTTGCTTCC,0
103,"NC_000011.10 Homo sapiens chromosome 11, GRCh38.p13 Primary Assembly",GTAGAATTTAAGCATCCAAGTTTTT,0
104,"NC_000011.10 Homo sapiens chromosome 11, GRCh38.p13 Primary Assembly",AATCCCCCCAGCTCAGCCCTTCCAA,0
105,"NC_000011.10 Homo sapiens chromosome 11, GRCh38.p13 Primary Assembly",CTTGATATGGTATGTACTTACATTT,0
106,"NC_000011.10 Homo sapiens chromosome 11, GRCh38.p13 Primary Assembly",AGAGGCACTATATTGGTTTTCTATT,0
107,"NC_000011.10 Homo sapiens chromosome 11, GRCh38.p13 Primary Assembly",TCATCACATTCTCTATCTTTCACTT,0
108,"NC_000011.10 Homo sapiens chromosome 11, GRCh38.p13 Primary Assembly",AACTAACAGAGATGAACCTTTGTTT,0
109,"NC_000011.10 Homo sapiens chromosome 11, GRCh38.p13 Primary Assembly",TTGTATAGACAGGGTCTTGCTATAT,0
110,"NC_000012.12 Homo sapiens chromosome 12, GRCh38.p13 Primary Assembly",TTTTTTAAAATTTTTTATTATACTC,0
111,"NC_000012.12 Homo sapiens chromosome 12, GRCh38.p13 Primary Assembly",TTTGGAAATATCATCCAGTGGCATA,0
112,"NC_000012.12 Homo sapiens chromosome 12, GRCh38.p13 Primary Assembly",GAAGGAGGGAGCGTTCCTTGCTTCC,0
113,"NC_000012.12 Homo sapiens chromosome 12, GRCh38.p13 Primary Assembly",GTAGAATTTAAGCATCCAAGTTTTT,0
114,"NC_000012.12 Homo sapiens chromosome 12, GRCh38.p13 Primary Assembly",AATCCCCCCAGCTCAGCCCTTCCAA,0
115,"NC_000012.12 Homo sapiens chromosome 12, GRCh38.p13 Primary Assembly",CTTGATATGGTATGTACTTACATTT,0
116,"NC_000012.12 Homo sapiens chromosome 12, GRCh38.p13 Primary Assembly",AGAGGCACTATATTGGTTTTCTATT,0
117,"NC_000012.12 Homo sapiens chromosome 12, GRCh38.p13 Primary Assembly",TCATCACATTCTCTATCTTTCACTT,0
118,"NC_000012.12 Homo sapiens chromosome 12, GRCh38.p13 Primary Assembly",AACTAACAGAGATGAACCTTTGTTT,0
119,"NC_000012.12 Homo sapiens chromosome 12, GRCh38.p13 Primary Assembly",TTGTATAGACAGGGTCTTGCTATAT,0
120,"NC_000013.11 Homo sapiens chromosome 13, GRCh38.p13 Primary Assembly",TTTTTTAAAATTTTTTATTATACTC,0
121,"NC_000013.11 Homo sapiens chromosome 13, GRCh38.p13 Primary Assembly",TTTGGAAATATCATCCAGTGGCATA,0
122,"NC_000013.11 Homo sapiens chromosome 13, GRCh38.p13 Primary Assembly",GAAGGAGGGAGCGTTCCTTGCTTCC,0
123,"NC_000013.11 Homo sapiens chromosome 13, GRCh38.p13 Primary Assembly",GTAGAATTTAAGCATCCAAGTTTTT,0
124,"NC_000013.11 Homo sapiens chromosome 13, GRCh38.p13 Primary Assembly",AATCCCCCCAGCTCAGCCCTTCCAA,0
125,"NC_000013.11 Homo sapiens chromosome 13, GRCh38.p13 Primary Assembly",CTTGATATGGTATGTACTTACATTT,0
126,"NC_000013.11 Homo sapiens chromosome 13, GRCh38.p13 Primary Assembly",AGAGGCACTATATTGGTTTTCTATT,0
127,"NC_000013.11 Homo sapiens chromosome 13, GRCh38.p13 Primary Assembly",TCATCACATTCTCTATCTTTCACTT,0
128,"NC_000013.11 Homo sapiens chromosome 13, GRCh38.p13 Primary Assembly",AACTAACAGAGATGAACCTTTGTTT,0
129,"NC_000013.11 Homo sapiens chromosome 13, GRCh38.p13 Primary Assembly",TTGTATAGACAGGGTCTTGCTATAT,0
130,"NC_000014.9 Homo sapiens chromosome 14, GRCh38.p13 Primary Assembly",TTTTTTAAAATTTTTTATTATACTC,0
131,"NC_000014.9 Homo sapiens chromosome 14, GRCh38.p13 Primary Assembly",TTTGGAAATATCATCCAGTGGCATA,0
132,"NC_000014.9 Homo sapiens chromosome 14, GRCh38.p13 Primary Assembly",GAAGGAGGGAGCGTTCCTTGCTTCC,0
133,"NC_000014.9 Homo sapiens chromosome 14, GRCh38.p13 Primary Assembly",GTAGAATTTAAGCATCCAAGTTTTT,0
134,"NC_000014.9 Homo sapiens chromosome 14, GRCh38.p13 Primary Assembly",AATCCCCCCAGCTCAGCCCTTCCAA,0
135,"NC_000014.9 Homo sapiens chromosome 14, GRCh38.p13 Primary Assembly",CTTGATATGGTATGTACTTACATTT,0
136,"NC_000014.9 Homo sapiens chromosome 14, GRCh38.p13 Primary Assembly",AGAGGCACTATATTGGTTTTCTATT,0
137,"NC_000014.9 Homo sapiens chromosome 14, GRCh38.p13 Primary Assembly",TCATCACATTCTCTATCTTTCACTT,0
138,"NC_000014.9 Homo sapiens chromosome 14, GRCh38.p13 Primary Assembly",AACTAACAGAGATGAACCTTTGTTT,0
139,"NC_000014.9 Homo sapiens chromosome 14, GRCh38.p13 Primary Assembly",TTGTATAGACAGGGTCTTGCTATAT,0
140,"NC_000015.10 Homo sapiens chromosome 15, GRCh38.p13 Primary Assembly",TTTTTTAAAATTTTTTATTATACTC,0
141,"NC_000015.10 Homo sapiens chromosome 15, GRCh38.p13 Primary Assembly",TTTGGAAATATCATCCAGTGGCATA,0
142,"NC_000015.10 Homo sapiens chromosome 15, GRCh38.p13 Primary Assembly",GAAGGAGGGAGCGTTCCTTGCTTCC,0
143,"NC_000015.10 Homo sapiens chromosome 15, GRCh38.p13 Primary Assembly",GTAGAATTTAAGCATCCAAGTTTTT,0
144,"NC_000015.10 Homo sapiens chromosome 15, GRCh38.p13 Primary Assembly",AATCCCCCCAGCTCAGCCCTTCCAA,0
145,"NC_000015.10 Homo sapiens chromosome 15, GRCh38.p13 Primary Assembly",CTTGATATGGTATGTACTTACATTT,0
146,"NC_000015.10 Homo sapiens chromosome 15, GRCh38.p13 Primary Assembly",AGAGGCACTATATTGGTTTTCTATT,0
147,"NC_000015.10 Homo sapiens chromosome 15, GRCh38.p13 Primary Assembly",TCATCACATTCTCTATCTTTCACTT,0
148,"NC_000015.10 Homo sapiens chromosome 15, GRCh38.p13 Primary Assembly",AACTAACAGAGATGAACCTTTGTTT,514
149,"NC_000015.10 Homo sapiens chromosome 15, GRCh38.p13 Primary Assembly",TTGTATAGACAGGGTCTTGCTATAT,0
150,"NC_000016.10 Homo sapiens chromosome 16, GRCh38.p13 Primary Assembly",TTTTTTAAAATTTTTTATTATACTC,0
151,"NC_000016.10 Homo sapiens chromosome 16, GRCh38.p13 Primary Assembly",TTTGGAAATATCATCCAGTGGCATA,0
152,"NC_000016.10 Homo sapiens chromosome 16, GRCh38.p13 Primary Assembly",GAAGGAGGGAGCGTTCCTTGCTTCC,0
153,"NC_000016.10 Homo sapiens chromosome 16, GRCh38.p13 Primary Assembly",GTAGAATTTAAGCATCCAAGTTTTT,0
154,"NC_000016.10 Homo sapiens chromosome 16, GRCh38.p13 Primary Assembly",AATCCCCCCAGCTCAGCCCTTCCAA,0
155,"NC_000016.10 Homo sapiens chromosome 16, GRCh38.p13 Primary Assembly",CTTGATATGGTATGTACTTACATTT,0
156,"NC_000016.10 Homo sapiens chromosome 16, GRCh38.p13 Primary Assembly",AGAGGCACTATATTGGTTTTCTATT,0
157,"NC_000016.10 Homo sapiens chromosome 16, GRCh38.p13 Primary Assembly",TCATCACATTCTCTATCTTTCACTT,0
158,"NC_000016.10 Homo sapiens chromosome 16, GRCh38.p13 Primary Assembly",AACTAACAGAGATGAACCTTTGTTT,0
159,"NC_000016.10 Homo sapiens chromosome 16, GRCh38.p13 Primary Assembly",TTGTATAGACAGGGTCTTGCTATAT,0
160,"NC_000017.11 Homo sapiens chromosome 17, GRCh38.p13 Primary Assembly",TTTTTTAAAATTTTTTATTATACTC,0
161,"NC_000017.11 Homo sapiens chromosome 17, GRCh38.p13 Primary Assembly",TTTGGAAATATCATCCAGTGGCATA,0
162,"NC_000017.11 Homo sapiens chromosome 17, GRCh38.p13 Primary Assembly",GAAGGAGGGAGCGTTCCTTGCTTCC,0
163,"NC_000017.11 Homo sapiens chromosome 17, GRCh38.p13 Primary Assembly",GTAGAATTTAAGCATCCAAGTTTTT,0
164,"NC_000017.11 Homo sapiens chromosome 17, GRCh38.p13 Primary Assembly",AATCCCCCCAGCTCAGCCCTTCCAA,0
165,"NC_000017.11 Homo sapiens chromosome 17, GRCh38.p13 Primary Assembly",CTTGATATGGTATGTACTTACATTT,0
166,"NC_000017.11 Homo sapiens chromosome 17, GRCh38.p13 Primary Assembly",AGAGGCACTATATTGGTTTTCTATT,0
167,"NC_000017.11 Homo sapiens chromosome 17, GRCh38.p13 Primary Assembly",TCATCACATTCTCTATCTTTCACTT,0
168,"NC_000017.11 Homo sapiens chromosome 17, GRCh38.p13 Primary Assembly",AACTAACAGAGATGAACCTTTGTTT,0
169,"NC_000017.11 Homo sapiens chromosome 17, GRCh38.p13 Primary Assembly",TTGTATAGACAGGGTCTTGCTATAT,0
170,"NC_000018.10 Homo sapiens chromosome 18, GRCh38.p13 Primary Assembly",TTTTTTAAAATTTTTTATTATACTC,0
171,"NC_000018.10 Homo sapiens chromosome 18, GRCh38.p13 Primary Assembly",TTTGGAAATATCATCCAGTGGCATA,0
172,"NC_000018.10 Homo sapiens chromosome 18, GRCh38.p13 Primary Assembly",GAAGGAGGGAGCGTTCCTTGCTTCC,0
173,"NC_000018.10 Homo sapiens chromosome 18, GRCh38.p13 Primary Assembly",GTAGAATTTAAGCATCCAAGTTTTT,0
174,"NC_000018.10 Homo sapiens chromosome 18, GRCh38.p13 Primary Assembly",AATCCCCCCAGCTCAGCCCTTCCAA,0
175,"NC_000018.10 Homo sapiens chromosome 18, GRCh38.p13 Primary Assembly",CTTGATATGGTATGTACTTACATTT,0
176,"NC_000018.10 Homo sapiens chromosome 18, GRCh38.p13 Primary Assembly",AGAGGCACTATATTGGTTTTCTATT,0
177,"NC_000018.10 Homo sapiens chromosome 18, GRCh38.p13 Primary Assembly",TCATCACATTCTCTATCTTTCACTT,0
178,"NC_000018.10 Homo sapiens chromosome 18, GRCh38.p13 Primary Assembly",AACTAACAGAGATGAACCTTTGTTT,0
179,"NC_000018.10 Homo sapiens chromosome 18, GRCh38.p13 Primary Assembly",TTGTATAGACAGGGTCTTGCTATAT,0
180,"NC_000019.10 Homo sapiens chromosome 19, GRCh38.p13 Primary Assembly",TTTTTTAAAATTTTTTATTATACTC,0
181,"NC_000019.10 Homo sapiens chromosome 19, GRCh38.p13 Primary Assembly",TTTGGAAATATCATCCAGTGGCATA,0
182,"NC_000019.10 Homo sapiens chromosome 19, GRCh38.p13 Primary Assembly",GAAGGAGGGAGCGTTCCTTGCTTCC,0
183,"NC_000019.10 Homo sapiens chromosome 19, GRCh38.p13 Primary Assembly",GTAGAATTTAAGCATCCAAGTTTTT,0
184,"NC_000019.10 Homo sapiens chromosome 19, GRCh38.p13 Primary Assembly",AATCCCCCCAGCTCAGCCCTTCCAA,1
185,"NC_000019.10 Homo sapiens chromosome 19, GRCh38.p13 Primary Assembly",CTTGATATGGTATGTACTTACATTT,0
186,"NC_000019.10 Homo sapiens chromosome 19, GRCh38.p13 Primary Assembly",AGAGGCACTATATTGGTTTTCTATT,0
187,"NC_000019.10 Homo sapiens chromosome 19, GRCh38.p13 Primary Assembly",TCATCACATTCTCTATCTTTCACTT,0
188,"NC_000019.10 Homo sapiens chromosome 19, GRCh38.p13 Primary Assembly",AACTAACAGAGATGAACCTTTGTTT,0
189,"NC_000019.10 Homo sapiens chromosome 19, GRCh38.p13 Primary Assembly",TTGTATAGACAGGGTCTTGCTATAT,0
190,"NC_000020.11 Homo sapiens chromosome 20, GRCh38.p13 Primary Assembly",TTTTTTAAAATTTTTTATTATACTC,0
191,"NC_000020.11 Homo sapiens chromosome 20, GRCh38.p13 Primary Assembly",TTTGGAAATATCATCCAGTGGCATA,0
192,"NC_000020.11 Homo sapiens chromosome 20, GRCh38.p13 Primary Assembly",GAAGGAGGGAGCGTTCCTTGCTTCC,0
193,"NC_000020.11 Homo sapiens chromosome 20, GRCh38.p13 Primary Assembly",GTAGAATTTAAGCATCCAAGTTTTT,0
194,"NC_000020.11 Homo sapiens chromosome 20, GRCh38.p13 Primary Assembly",AATCCCCCCAGCTCAGCCCTTCCAA,0
195,"NC_000020.11 Homo sapiens chromosome 20, GRCh38.p13 Primary Assembly",CTTGATATGGTATGTACTTACATTT,0
196,"NC_000020.11 Homo sapiens chromosome 20, GRCh38.p13 Primary Assembly",AGAGGCACTATATTGGTTTTCTATT,0
197,"NC_000020.11 Homo sapiens chromosome 20, GRCh38.p13 Primary Assembly",TCATCACATTCTCTATCTTTCACTT,0
198,"NC_000020.11 Homo sapiens chromosome 20, GRCh38.p13 Primary Assembly",AACTAACAGAGATGAACCTTTGTTT,0
199,"NC_000020.11 Homo sapiens chromosome 20, GRCh38.p13 Primary Assembly",TTGTATAGACAGGGTCTTGCTATAT,0
200,"NC_000021.9 Homo sapiens chromosome 21, GRCh38.p13 Primary Assembly",TTTTTTAAAATTTTTTATTATACTC,0
201,"NC_000021.9 Homo sapiens chromosome 21, GRCh38.p13 Primary Assembly",TTTGGAAATATCATCCAGTGGCATA,0
202,"NC_000021.9 Homo sapiens chromosome 21, GRCh38.p13 Primary Assembly",GAAGGAGGGAGCGTTCCTTGCTTCC,0
203,"NC_000021.9 Homo sapiens chromosome 21, GRCh38.p13 Primary Assembly",GTAGAATTTAAGCATCCAAGTTTTT,0
204,"NC_000021.9 Homo sapiens chromosome 21, GRCh38.p13 Primary Assembly",AATCCCCCCAGCTCAGCCCTTCCAA,0
205,"NC_000021.9 Homo sapiens chromosome 21, GRCh38.p13 Primary Assembly",CTTGATATGGTATGTACTTACATTT,0
206,"NC_000021.9 Homo sapiens chromosome 21, GRCh38.p13 Primary Assembly",AGAGGCACTATATTGGTTTTCTATT,0
207,"NC_000021.9 Homo sapiens chromosome 21, GRCh38.p13 Primary Assembly",TCATCACATTCTCTATCTTTCACTT,0
208,"NC_000021.9 Homo sapiens chromosome 21, GRCh38.p13 Primary Assembly",AACTAACAGAGATGAACCTTTGTTT,0
209,"NC_000021.9 Homo sapiens chromosome 21, GRCh38.p13 Primary Assembly",TTGTATAGACAGGGTCTTGCTATAT,1
210,"NC_000022.11 Homo sapiens chromosome 22, GRCh38.p13 Primary Assembly",TTTTTTAAAATTTTTTATTATACTC,0
211,"NC_000022.11 Homo sapiens chromosome 22, GRCh38.p13 Primary Assembly",TTTGGAAATATCATCCAGTGGCATA,0
212,"NC_000022.11 Homo sapiens chromosome 22, GRCh38.p13 Primary Assembly",GAAGGAGGGAGCGTTCCTTGCTTCC,0
213,"NC_000022.11 Homo sapiens chromosome 22, GRCh38.p13 Primary Assembly",GTAGAATTTAAGCATCCAAGTTTTT,0
214,"NC_000022.11 Homo sapiens chromosome 22, GRCh38.p13 Primary Assembly",AATCCCCCCAGCTCAGCCCTTCCAA,0
215,"NC_000022.11 Homo sapiens chromosome 22, GRCh38.p13 Primary Assembly",CTTGATATGGTATGTACTTACATTT,0
216,"NC_000022.11 Homo sapiens chromosome 22, GRCh38.p13 Primary Assembly",AGAGGCACTATATTGGTTTTCTATT,1
217,"NC_000022.11 Homo sapiens chromosome 22, GRCh38.p13 Primary Assembly",TCATCACATTCTCTATCTTTCACTT,0
218,"NC_000022.11 Homo sapiens chromosome 22, GRCh38.p13 Primary Assembly",AACTAACAGAGATGAACCTTTGTTT,0
219,"NC_000022.11 Homo sapiens chromosome 22, GRCh38.p13 Primary Assembly",TTGTATAGACAGGGTCTTGCTATAT,0
220,"NC_000023.11 Homo sapiens chromosome X, GRCh38.p13 Primary Assembly",TTTTTTAAAATTTTTTATTATACTC,0
221,"NC_000023.11 Homo sapiens chromosome X, GRCh38.p13 Primary Assembly",TTTGGAAATATCATCCAGTGGCATA,0
222,"NC_000023.11 Homo sapiens chromosome X, GRCh38.p13 Primary Assembly",GAAGGAGGGAGCGTTCCTTGCTTCC,0
223,"NC_000023.11 Homo sapiens chromosome X, GRCh38.p13 Primary Assembly",GTAGAATTTAAGCATCCAAGTTTTT,0
224,"NC_000023.11 Homo sapiens chromosome X, GRCh38.p13 Primary Assembly",AATCCCCCCAGCTCAGCCCTTCCAA,0
225,"NC_000023.11 Homo sapiens chromosome X, GRCh38.p13 Primary Assembly",CTTGATATGGTATGTACTTACATTT,0
226,"NC_000023.11 Homo sapiens chromosome X, GRCh38.p13 Primary Assembly",AGAGGCACTATATTGGTTTTCTATT,0
227,"NC_000023.11 Homo sapiens chromosome X, GRCh38.p13 Primary Assembly",TCATCACATTCTCTATCTTTCACTT,0
228,"NC_000023.11 Homo sapiens chromosome X, GRCh38.p13 Primary Assembly",AACTAACAGAGATGAACCTTTGTTT,0
229,"NC_000023.11 Homo sapiens chromosome X, GRCh38.p13 Primary Assembly",TTGTATAGACAGGGTCTTGCTATAT,0
230,"NC_000024.10 Homo sapiens chromosome Y, GRCh38.p13 Primary Assembly",TTTTTTAAAATTTTTTATTATACTC,0
231,"NC_000024.10 Homo sapiens chromosome Y, GRCh38.p13 Primary Assembly",TTTGGAAATATCATCCAGTGGCATA,0
232,"NC_000024.10 Homo sapiens chromosome Y, GRCh38.p13 Primary Assembly",GAAGGAGGGAGCGTTCCTTGCTTCC,0
233,"NC_000024.10 Homo sapiens chromosome Y, GRCh38.p13 Primary Assembly",GTAGAATTTAAGCATCCAAGTTTTT,0
234,"NC_000024.10 Homo sapiens chromosome Y, GRCh38.p13 Primary Assembly",AATCCCCCCAGCTCAGCCCTTCCAA,0
235,"NC_000024.10 Homo sapiens chromosome Y, GRCh38.p13 Primary Assembly",CTTGATATGGTATGTACTTACATTT,0
236,"NC_000024.10 Homo sapiens chromosome Y, GRCh38.p13 Primary Assembly",AGAGGCACTATATTGGTTTTCTATT,0
237,"NC_000024.10 Homo sapiens chromosome Y, GRCh38.p13 Primary Assembly",TCATCACATTCTCTATCTTTCACTT,0
238,"NC_000024.10 Homo sapiens chromosome Y, GRCh38.p13 Primary Assembly",AACTAACAGAGATGAACCTTTGTTT,0
239,"NC_000024.10 Homo sapiens chromosome Y, GRCh38.p13 Primary Assembly",TTGTATAGACAGGGTCTTGCTATAT,0
